time_s,speed_mph,speed_mps
0,0.0,0.0
1,0.0,0.0
2,0.0,0.0
3,0.0,0.0
4,0.0,0.0
5,0.0,0.0
6,0.0,0.0
7,0.0,0.0
8,0.0,0.0
9,0.0,0.0
10,0.0,0.0
11,0.0,0.0
12,0.0,0.0
13,0.0,0.0
14,0.0,0.0
15,0.0,0.0
16,0.0,0.0
17,0.0,0.0
18,0.0,0.0
19,0.0,0.0
20,0.0,0.0
21,3.0,1.3411
22,5.9,2.6375
23,8.6,3.8445
24,11.5,5.141
25,14.3,6.3927
26,16.9,7.555
27,17.3,7.7338
28,18.1,8.0914
29,20.7,9.2537
30,21.7,9.7008
31,22.4,10.0137
32,22.5,10.0584
33,22.1,9.8796
34,21.5,9.6114
35,20.9,9.3431
36,20.4,9.1196
37,19.8,8.8514
38,17.0,7.5997
39,14.9,6.6609
40,14.9,6.6609
41,15.2,6.795
42,15.5,6.9291
43,16.0,7.1526
44,17.1,7.6444
45,19.1,8.5385
46,21.1,9.4325
47,22.7,10.1478
48,22.9,10.2372
49,22.7,10.1478
50,22.6,10.1031
51,21.3,9.522
52,19.0,8.4938
53,17.1,7.6444
54,15.8,7.0632
55,15.8,7.0632
56,17.7,7.9126
57,19.8,8.8514
58,21.6,9.6561
59,23.2,10.3713
60,24.2,10.8184
61,24.6,10.9972
62,24.9,11.1313
63,25.0,11.176
64,24.6,10.9972
65,24.5,10.9525
66,24.7,11.0419
67,24.8,11.0866
68,24.7,11.0419
69,24.6,10.9972
70,24.6,10.9972
71,25.1,11.2207
72,25.6,11.4442
73,25.7,11.4889
74,25.4,11.3548
75,24.9,11.1313
76,25.0,11.176
77,25.4,11.3548
78,26.0,11.623
79,26.0,11.623
80,25.7,11.4889
81,26.1,11.6677
82,26.7,11.936
83,27.5,12.2936
84,28.6,12.7853
85,29.3,13.0983
86,29.8,13.3218
87,30.1,13.4559
88,30.4,13.59
89,30.7,13.7241
90,30.7,13.7241
91,30.5,13.6347
92,30.4,13.59
93,30.3,13.5453
94,30.4,13.59
95,30.8,13.7688
96,30.4,13.59
97,29.9,13.3665
98,29.5,13.1877
99,29.8,13.3218
100,30.3,13.5453
101,30.7,13.7241
102,30.9,13.8135
103,31.0,13.8582
104,30.9,13.8135
105,30.4,13.59
106,29.8,13.3218
107,29.9,13.3665
108,30.2,13.5006
109,30.7,13.7241
110,31.2,13.9476
111,31.8,14.2159
112,32.2,14.3947
113,32.4,14.4841
114,32.2,14.3947
115,31.7,14.1712
116,28.6,12.7853
117,25.3,11.3101
118,22.0,9.8349
119,18.7,8.3596
120,15.4,6.8844
121,12.1,5.4092
122,8.8,3.934
123,5.5,2.4587
124,2.2,0.9835
125,0.0,0.0
126,0.0,0.0
127,0.0,0.0
128,0.0,0.0
129,0.0,0.0
130,0.0,0.0
131,0.0,0.0
132,0.0,0.0
133,0.0,0.0
134,0.0,0.0
135,0.0,0.0
136,0.0,0.0
137,0.0,0.0
138,0.0,0.0
139,0.0,0.0
140,0.0,0.0
141,0.0,0.0
142,0.0,0.0
143,0.0,0.0
144,0.0,0.0
145,0.0,0.0
146,0.0,0.0
147,0.0,0.0
148,0.0,0.0
149,0.0,0.0
150,0.0,0.0
151,0.0,0.0
152,0.0,0.0
153,0.0,0.0
154,0.0,0.0
155,0.0,0.0
156,0.0,0.0
157,0.0,0.0
158,0.0,0.0
159,0.0,0.0
160,0.0,0.0
161,0.0,0.0
162,0.0,0.0
163,0.0,0.0
164,3.3,1.4752
165,6.6,2.9505
166,9.9,4.4257
167,13.2,5.9009
168,16.5,7.3762
169,19.8,8.8514
170,22.2,9.9243
171,24.3,10.8631
172,25.8,11.5336
173,26.4,11.8019
174,25.7,11.4889
175,25.1,11.2207
176,24.7,11.0419
177,25.0,11.176
178,25.2,11.2654
179,25.4,11.3548
180,25.8,11.5336
181,27.2,12.1595
182,26.5,11.8466
183,24.0,10.729
184,22.7,10.1478
185,19.4,8.6726
186,17.7,7.9126
187,17.2,7.6891
188,18.1,8.0914
189,18.6,8.3149
190,20.0,8.9408
191,22.2,9.9243
192,24.5,10.9525
193,27.3,12.2042
194,30.5,13.6347
195,33.5,14.9758
196,36.2,16.1828
197,37.3,16.6746
198,39.3,17.5687
199,40.5,18.1051
200,42.1,18.8204
201,43.5,19.4462
202,45.1,20.1615
203,46.0,20.5638
204,46.8,20.9215
205,47.5,21.2344
206,47.5,21.2344
207,47.3,21.145
208,47.2,21.1003
209,47.0,21.0109
210,47.0,21.0109
211,47.0,21.0109
212,47.0,21.0109
213,47.0,21.0109
214,47.2,21.1003
215,47.4,21.1897
216,47.9,21.4132
217,48.5,21.6814
218,49.1,21.9497
219,49.5,22.1285
220,50.0,22.352
221,50.6,22.6202
222,51.0,22.799
223,51.5,23.0226
224,52.2,23.3355
225,53.2,23.7825
226,54.1,24.1849
227,54.6,24.4084
228,54.9,24.5425
229,55.0,24.5872
230,54.9,24.5425
231,54.6,24.4084
232,54.6,24.4084
233,54.8,24.4978
234,55.1,24.6319
235,55.5,24.8107
236,55.7,24.9001
237,56.1,25.0789
238,56.3,25.1684
239,56.6,25.3025
240,56.7,25.3472
241,56.7,25.3472
242,56.5,25.2578
243,56.5,25.2578
244,56.5,25.2578
245,56.5,25.2578
246,56.5,25.2578
247,56.5,25.2578
248,56.4,25.2131
249,56.1,25.0789
250,55.8,24.9448
251,55.1,24.6319
252,54.6,24.4084
253,54.2,24.2296
254,54.0,24.1402
255,53.7,24.006
256,53.6,23.9613
257,53.9,24.0955
258,54.0,24.1402
259,54.1,24.1849
260,54.1,24.1849
261,53.8,24.0508
262,53.4,23.8719
263,53.0,23.6931
264,52.6,23.5143
265,52.1,23.2908
266,52.4,23.4249
267,52.0,23.2461
268,51.9,23.2014
269,51.7,23.112
270,51.5,23.0226
271,51.6,23.0673
272,51.8,23.1567
273,52.1,23.2908
274,52.5,23.4696
275,53.0,23.6931
276,53.5,23.9166
277,54.0,24.1402
278,54.9,24.5425
279,55.4,24.766
280,55.6,24.8554
281,56.0,25.0342
282,56.0,25.0342
283,55.8,24.9448
284,55.2,24.6766
285,54.5,24.3637
286,53.6,23.9613
287,52.5,23.4696
288,51.5,23.0226
289,51.5,23.0226
290,51.5,23.0226
291,51.1,22.8437
292,50.1,22.3967
293,50.0,22.352
294,50.1,22.3967
295,50.0,22.352
296,49.6,22.1732
297,49.5,22.1285
298,49.5,22.1285
299,49.5,22.1285
300,49.1,21.9497
301,48.6,21.7261
302,48.1,21.5026
303,47.2,21.1003
304,46.1,20.6085
305,45.0,20.1168
306,43.8,19.5804
307,42.6,19.0439
308,41.5,18.5522
309,40.3,18.0157
310,38.5,17.211
311,37.0,16.5405
312,35.2,15.7358
313,33.8,15.11
314,32.5,14.5288
315,31.5,14.0818
316,30.6,13.6794
317,30.5,13.6347
318,30.0,13.4112
319,29.0,12.9642
320,27.5,12.2936
321,24.8,11.0866
322,21.5,9.6114
323,20.1,8.9855
324,19.1,8.5385
325,18.5,8.2702
326,17.0,7.5997
327,15.5,6.9291
328,12.5,5.588
329,10.8,4.828
330,8.0,3.5763
331,4.7,2.1011
332,1.4,0.6259
333,0.0,0.0
334,0.0,0.0
335,0.0,0.0
336,0.0,0.0
337,0.0,0.0
338,0.0,0.0
339,0.0,0.0
340,0.0,0.0
341,0.0,0.0
342,0.0,0.0
343,0.0,0.0
344,0.0,0.0
345,0.0,0.0
346,0.0,0.0
347,1.0,0.447
348,4.3,1.9223
349,7.6,3.3975
350,10.9,4.8727
351,14.2,6.348
352,17.3,7.7338
353,20.0,8.9408
354,22.5,10.0584
355,23.7,10.5948
356,25.2,11.2654
357,26.6,11.8913
358,28.1,12.5618
359,30.0,13.4112
360,30.8,13.7688
361,31.6,14.1265
362,32.1,14.35
363,32.8,14.6629
364,33.6,15.0205
365,34.5,15.4229
366,34.6,15.4676
367,34.9,15.6017
368,34.8,15.557
369,34.5,15.4229
370,34.7,15.5123
371,35.5,15.8699
372,36.0,16.0934
373,36.0,16.0934
374,36.0,16.0934
375,36.0,16.0934
376,36.0,16.0934
377,36.0,16.0934
378,36.1,16.1381
379,36.4,16.2723
380,36.5,16.317
381,36.4,16.2723
382,36.0,16.0934
383,35.1,15.6911
384,34.1,15.2441
385,33.5,14.9758
386,31.4,14.0371
387,29.0,12.9642
388,25.7,11.4889
389,23.0,10.2819
390,20.3,9.0749
391,17.5,7.8232
392,14.5,6.4821
393,12.0,5.3645
394,8.7,3.8892
395,5.4,2.414
396,2.1,0.9388
397,0.0,0.0
398,0.0,0.0
399,0.0,0.0
400,0.0,0.0
401,0.0,0.0
402,0.0,0.0
403,2.6,1.1623
404,5.9,2.6375
405,9.2,4.1128
406,12.5,5.588
407,15.8,7.0632
408,19.1,8.5385
409,22.4,10.0137
410,25.0,11.176
411,25.6,11.4442
412,27.5,12.2936
413,29.0,12.9642
414,30.0,13.4112
415,30.1,13.4559
416,30.0,13.4112
417,29.7,13.2771
418,29.3,13.0983
419,28.8,12.8748
420,28.0,12.5171
421,25.0,11.176
422,21.7,9.7008
423,18.4,8.2255
424,15.1,6.7503
425,11.8,5.2751
426,8.5,3.7998
427,5.2,2.3246
428,1.9,0.8494
429,0.0,0.0
430,0.0,0.0
431,0.0,0.0
432,0.0,0.0
433,0.0,0.0
434,0.0,0.0
435,0.0,0.0
436,0.0,0.0
437,0.0,0.0
438,0.0,0.0
439,0.0,0.0
440,0.0,0.0
441,0.0,0.0
442,0.0,0.0
443,0.0,0.0
444,0.0,0.0
445,0.0,0.0
446,0.0,0.0
447,0.0,0.0
448,3.3,1.4752
449,6.6,2.9505
450,9.9,4.4257
451,13.2,5.9009
452,16.5,7.3762
453,19.8,8.8514
454,23.1,10.3266
455,26.4,11.8019
456,27.8,12.4277
457,29.1,13.0089
458,31.5,14.0818
459,33.0,14.7523
460,33.6,15.0205
461,34.8,15.557
462,35.1,15.6911
463,35.6,15.9146
464,36.1,16.1381
465,36.0,16.0934
466,36.1,16.1381
467,36.2,16.1828
468,36.0,16.0934
469,35.7,15.9593
470,36.0,16.0934
471,36.0,16.0934
472,35.6,15.9146
473,35.5,15.8699
474,35.4,15.8252
475,35.2,15.7358
476,35.2,15.7358
477,35.2,15.7358
478,35.2,15.7358
479,35.2,15.7358
480,35.2,15.7358
481,35.0,15.6464
482,35.1,15.6911
483,35.2,15.7358
484,35.5,15.8699
485,35.2,15.7358
486,35.0,15.6464
487,35.0,15.6464
488,35.0,15.6464
489,34.8,15.557
490,34.6,15.4676
491,34.5,15.4229
492,33.5,14.9758
493,32.0,14.3053
494,30.1,13.4559
495,28.0,12.5171
496,25.5,11.3995
497,22.5,10.0584
498,19.8,8.8514
499,16.5,7.3762
500,13.2,5.9009
501,10.3,4.6045
502,7.2,3.2187
503,4.0,1.7882
504,1.0,0.447
505,0.0,0.0
506,0.0,0.0
507,0.0,0.0
508,0.0,0.0
509,0.0,0.0
510,0.0,0.0
511,1.2,0.5364
512,3.5,1.5646
513,5.5,2.4587
514,6.5,2.9058
515,8.5,3.7998
516,9.6,4.2916
517,10.5,4.6939
518,11.9,5.3198
519,14.0,6.2586
520,16.0,7.1526
521,17.7,7.9126
522,19.0,8.4938
523,20.1,8.9855
524,21.0,9.3878
525,22.0,9.8349
526,23.0,10.2819
527,23.8,10.6396
528,24.5,10.9525
529,24.9,11.1313
530,25.0,11.176
531,25.0,11.176
532,25.0,11.176
533,25.0,11.176
534,25.0,11.176
535,25.0,11.176
536,25.6,11.4442
537,25.8,11.5336
538,26.0,11.623
539,25.6,11.4442
540,25.2,11.2654
541,25.0,11.176
542,25.0,11.176
543,25.0,11.176
544,24.4,10.9078
545,23.1,10.3266
546,19.8,8.8514
547,16.5,7.3762
548,13.2,5.9009
549,9.9,4.4257
550,6.6,2.9505
551,3.3,1.4752
552,0.0,0.0
553,0.0,0.0
554,0.0,0.0
555,0.0,0.0
556,0.0,0.0
557,0.0,0.0
558,0.0,0.0
559,0.0,0.0
560,0.0,0.0
561,0.0,0.0
562,0.0,0.0
563,0.0,0.0
564,0.0,0.0
565,0.0,0.0
566,0.0,0.0
567,0.0,0.0
568,0.0,0.0
569,3.3,1.4752
570,6.6,2.9505
571,9.9,4.4257
572,13.0,5.8115
573,14.6,6.5268
574,16.0,7.1526
575,17.0,7.5997
576,17.0,7.5997
577,17.0,7.5997
578,17.5,7.8232
579,17.7,7.9126
580,17.7,7.9126
581,17.5,7.8232
582,17.0,7.5997
583,16.9,7.555
584,16.6,7.4209
585,17.0,7.5997
586,17.1,7.6444
587,17.0,7.5997
588,16.6,7.4209
589,16.5,7.3762
590,16.5,7.3762
591,16.6,7.4209
592,17.0,7.5997
593,17.6,7.8679
594,18.5,8.2702
595,19.2,8.5832
596,20.2,9.0302
597,21.0,9.3878
598,21.1,9.4325
599,21.2,9.4772
600,21.6,9.6561
601,22.0,9.8349
602,22.4,10.0137
603,22.5,10.0584
604,22.5,10.0584
605,22.5,10.0584
606,22.7,10.1478
607,23.7,10.5948
608,25.1,11.2207
609,26.0,11.623
610,26.5,11.8466
611,27.0,12.0701
612,26.1,11.6677
613,22.8,10.1925
614,19.5,8.7173
615,16.2,7.242
616,12.9,5.7668
617,9.6,4.2916
618,6.3,2.8164
619,3.0,1.3411
620,0.0,0.0
621,0.0,0.0
622,0.0,0.0
623,0.0,0.0
624,0.0,0.0
625,0.0,0.0
626,0.0,0.0
627,0.0,0.0
628,0.0,0.0
629,0.0,0.0
630,0.0,0.0
631,0.0,0.0
632,0.0,0.0
633,0.0,0.0
634,0.0,0.0
635,0.0,0.0
636,0.0,0.0
637,0.0,0.0
638,0.0,0.0
639,0.0,0.0
640,0.0,0.0
641,0.0,0.0
642,0.0,0.0
643,0.0,0.0
644,0.0,0.0
645,0.0,0.0
646,2.0,0.8941
647,4.5,2.0117
648,7.8,3.4869
649,10.2,4.5598
650,12.5,5.588
651,14.0,6.2586
652,15.3,6.8397
653,17.5,7.8232
654,19.6,8.762
655,21.0,9.3878
656,22.2,9.9243
657,23.3,10.416
658,24.5,10.9525
659,25.3,11.3101
660,25.6,11.4442
661,26.0,11.623
662,26.1,11.6677
663,26.2,11.7124
664,26.2,11.7124
665,26.4,11.8019
666,26.5,11.8466
667,26.5,11.8466
668,26.0,11.623
669,25.5,11.3995
670,23.6,10.5501
671,21.4,9.5667
672,18.5,8.2702
673,16.4,7.3315
674,14.5,6.4821
675,11.6,5.1857
676,8.7,3.8892
677,5.8,2.5928
678,3.5,1.5646
679,2.0,0.8941
680,0.0,0.0
681,0.0,0.0
682,0.0,0.0
683,0.0,0.0
684,0.0,0.0
685,0.0,0.0
686,0.0,0.0
687,0.0,0.0
688,0.0,0.0
689,0.0,0.0
690,0.0,0.0
691,0.0,0.0
692,0.0,0.0
693,0.0,0.0
694,1.4,0.6259
695,3.3,1.4752
696,4.4,1.967
697,6.5,2.9058
698,9.2,4.1128
699,11.3,5.0516
700,13.5,6.035
701,14.6,6.5268
702,16.4,7.3315
703,16.7,7.4656
704,16.5,7.3762
705,16.5,7.3762
706,18.2,8.1361
707,19.2,8.5832
708,20.1,8.9855
709,21.5,9.6114
710,22.5,10.0584
711,22.5,10.0584
712,22.1,9.8796
713,22.7,10.1478
714,23.3,10.416
715,23.5,10.5054
716,22.5,10.0584
717,21.6,9.6561
718,20.5,9.1643
719,18.0,8.0467
720,15.0,6.7056
721,12.0,5.3645
722,9.0,4.0234
723,6.2,2.7716
724,4.5,2.0117
725,3.0,1.3411
726,2.1,0.9388
727,0.5,0.2235
728,0.5,0.2235
729,3.2,1.4305
730,6.5,2.9058
731,9.6,4.2916
732,12.5,5.588
733,14.0,6.2586
734,16.0,7.1526
735,18.0,8.0467
736,19.6,8.762
737,21.5,9.6114
738,23.1,10.3266
739,24.5,10.9525
740,25.5,11.3995
741,26.5,11.8466
742,27.1,12.1148
743,27.6,12.3383
744,27.9,12.4724
745,28.3,12.6512
746,28.6,12.7853
747,28.6,12.7853
748,28.3,12.6512
749,28.2,12.6065
750,28.0,12.5171
751,27.5,12.2936
752,26.8,11.9807
753,25.5,11.3995
754,23.5,10.5054
755,21.5,9.6114
756,19.0,8.4938
757,16.5,7.3762
758,14.9,6.6609
759,12.5,5.588
760,9.4,4.2022
761,6.2,2.7716
762,3.0,1.3411
763,1.5,0.6706
764,1.5,0.6706
765,0.5,0.2235
766,0.0,0.0
767,3.0,1.3411
768,6.3,2.8164
769,9.6,4.2916
770,12.9,5.7668
771,15.8,7.0632
772,17.5,7.8232
773,18.4,8.2255
774,19.5,8.7173
775,20.7,9.2537
776,22.0,9.8349
777,23.2,10.3713
778,25.0,11.176
779,26.5,11.8466
780,27.5,12.2936
781,28.0,12.5171
782,28.3,12.6512
783,28.9,12.9195
784,28.9,12.9195
785,28.9,12.9195
786,28.8,12.8748
787,28.5,12.7406
788,28.3,12.6512
789,28.3,12.6512
790,28.3,12.6512
791,28.2,12.6065
792,27.6,12.3383
793,27.5,12.2936
794,27.5,12.2936
795,27.5,12.2936
796,27.5,12.2936
797,27.5,12.2936
798,27.5,12.2936
799,27.6,12.3383
800,28.0,12.5171
801,28.5,12.7406
802,30.0,13.4112
803,31.0,13.8582
804,32.0,14.3053
805,33.0,14.7523
806,33.0,14.7523
807,33.6,15.0205
808,34.0,15.1994
809,34.3,15.3335
810,34.2,15.2888
811,34.0,15.1994
812,34.0,15.1994
813,33.9,15.1547
814,33.6,15.0205
815,33.1,14.797
816,33.0,14.7523
817,32.5,14.5288
818,32.0,14.3053
819,31.9,14.2606
820,31.6,14.1265
821,31.5,14.0818
822,30.6,13.6794
823,30.0,13.4112
824,29.9,13.3665
825,29.9,13.3665
826,29.9,13.3665
827,29.9,13.3665
828,29.6,13.2324
829,29.5,13.1877
830,29.5,13.1877
831,29.3,13.0983
832,28.9,12.9195
833,28.2,12.6065
834,27.7,12.383
835,27.0,12.0701
836,25.5,11.3995
837,23.7,10.5948
838,22.0,9.8349
839,20.5,9.1643
840,19.2,8.5832
841,19.2,8.5832
842,20.1,8.9855
843,20.9,9.3431
844,21.4,9.5667
845,22.0,9.8349
846,22.6,10.1031
847,23.2,10.3713
848,24.0,10.729
849,25.0,11.176
850,26.0,11.623
851,26.6,11.8913
852,26.6,11.8913
853,26.8,11.9807
854,27.0,12.0701
855,27.2,12.1595
856,27.8,12.4277
857,28.1,12.5618
858,28.8,12.8748
859,28.9,12.9195
860,29.0,12.9642
861,29.1,13.0089
862,29.0,12.9642
863,28.1,12.5618
864,27.5,12.2936
865,27.0,12.0701
866,25.8,11.5336
867,25.0,11.176
868,24.5,10.9525
869,24.8,11.0866
870,25.1,11.2207
871,25.5,11.3995
872,25.7,11.4889
873,26.2,11.7124
874,26.9,12.0254
875,27.5,12.2936
876,27.8,12.4277
877,28.4,12.6959
878,29.0,12.9642
879,29.2,13.0536
880,29.1,13.0089
881,29.0,12.9642
882,28.9,12.9195
883,28.5,12.7406
884,28.1,12.5618
885,28.0,12.5171
886,28.0,12.5171
887,27.6,12.3383
888,27.2,12.1595
889,26.6,11.8913
890,27.0,12.0701
891,27.5,12.2936
892,27.8,12.4277
893,28.0,12.5171
894,27.8,12.4277
895,28.0,12.5171
896,28.0,12.5171
897,28.0,12.5171
898,27.7,12.383
899,27.4,12.2489
900,26.9,12.0254
901,26.6,11.8913
902,26.5,11.8466
903,26.5,11.8466
904,26.5,11.8466
905,26.3,11.7572
906,26.2,11.7124
907,26.2,11.7124
908,25.9,11.5783
909,25.6,11.4442
910,25.6,11.4442
911,25.9,11.5783
912,25.8,11.5336
913,25.5,11.3995
914,24.6,10.9972
915,23.5,10.5054
916,22.2,9.9243
917,21.6,9.6561
918,21.6,9.6561
919,21.7,9.7008
920,22.6,10.1031
921,23.4,10.4607
922,24.0,10.729
923,24.2,10.8184
924,24.4,10.9078
925,24.9,11.1313
926,25.1,11.2207
927,25.2,11.2654
928,25.3,11.3101
929,25.5,11.3995
930,25.2,11.2654
931,25.0,11.176
932,25.0,11.176
933,25.0,11.176
934,24.7,11.0419
935,24.5,10.9525
936,24.3,10.8631
937,24.3,10.8631
938,24.5,10.9525
939,25.0,11.176
940,25.0,11.176
941,24.6,10.9972
942,24.6,10.9972
943,24.1,10.7737
944,24.5,10.9525
945,25.1,11.2207
946,25.6,11.4442
947,25.1,11.2207
948,24.0,10.729
949,22.0,9.8349
950,20.1,8.9855
951,16.9,7.555
952,13.6,6.0797
953,10.3,4.6045
954,7.0,3.1293
955,3.7,1.654
956,0.4,0.1788
957,0.0,0.0
958,0.0,0.0
959,0.0,0.0
960,2.0,0.8941
961,5.3,2.3693
962,8.6,3.8445
963,11.9,5.3198
964,15.2,6.795
965,17.5,7.8232
966,18.6,8.3149
967,20.0,8.9408
968,21.1,9.4325
969,22.0,9.8349
970,23.0,10.2819
971,24.5,10.9525
972,26.3,11.7572
973,27.5,12.2936
974,28.1,12.5618
975,28.4,12.6959
976,28.5,12.7406
977,28.5,12.7406
978,28.5,12.7406
979,27.7,12.383
980,27.5,12.2936
981,27.2,12.1595
982,26.8,11.9807
983,26.5,11.8466
984,26.0,11.623
985,25.7,11.4889
986,25.2,11.2654
987,24.0,10.729
988,22.0,9.8349
989,21.5,9.6114
990,21.5,9.6114
991,21.8,9.7455
992,22.5,10.0584
993,23.0,10.2819
994,22.8,10.1925
995,22.8,10.1925
996,23.0,10.2819
997,22.7,10.1478
998,22.7,10.1478
999,22.7,10.1478
1000,23.5,10.5054
1001,24.0,10.729
1002,24.6,10.9972
1003,24.8,11.0866
1004,25.1,11.2207
1005,25.5,11.3995
1006,25.6,11.4442
1007,25.5,11.3995
1008,25.0,11.176
1009,24.1,10.7737
1010,23.7,10.5948
1011,23.2,10.3713
1012,22.9,10.2372
1013,22.5,10.0584
1014,22.0,9.8349
1015,21.6,9.6561
1016,20.5,9.1643
1017,17.5,7.8232
1018,14.2,6.348
1019,10.9,4.8727
1020,7.6,3.3975
1021,4.3,1.9223
1022,1.0,0.447
1023,0.0,0.0
1024,0.0,0.0
1025,0.0,0.0
1026,0.0,0.0
1027,0.0,0.0
1028,0.0,0.0
1029,0.0,0.0
1030,0.0,0.0
1031,0.0,0.0
1032,0.0,0.0
1033,0.0,0.0
1034,0.0,0.0
1035,0.0,0.0
1036,0.0,0.0
1037,0.0,0.0
1038,0.0,0.0
1039,0.0,0.0
1040,0.0,0.0
1041,0.0,0.0
1042,0.0,0.0
1043,0.0,0.0
1044,0.0,0.0
1045,0.0,0.0
1046,0.0,0.0
1047,0.0,0.0
1048,0.0,0.0
1049,0.0,0.0
1050,0.0,0.0
1051,0.0,0.0
1052,0.0,0.0
1053,1.2,0.5364
1054,4.0,1.7882
1055,7.3,3.2634
1056,10.6,4.7386
1057,13.9,6.2139
1058,17.0,7.5997
1059,18.5,8.2702
1060,20.0,8.9408
1061,21.8,9.7455
1062,23.0,10.2819
1063,24.0,10.729
1064,24.8,11.0866
1065,25.6,11.4442
1066,26.5,11.8466
1067,26.8,11.9807
1068,27.4,12.2489
1069,27.9,12.4724
1070,28.3,12.6512
1071,28.0,12.5171
1072,27.5,12.2936
1073,27.0,12.0701
1074,27.0,12.0701
1075,26.3,11.7572
1076,24.5,10.9525
1077,22.5,10.0584
1078,21.5,9.6114
1079,20.6,9.209
1080,18.0,8.0467
1081,15.0,6.7056
1082,12.3,5.4986
1083,11.1,4.9621
1084,10.6,4.7386
1085,10.0,4.4704
1086,9.5,4.2469
1087,9.1,4.0681
1088,8.7,3.8892
1089,8.6,3.8445
1090,8.8,3.934
1091,9.0,4.0234
1092,8.7,3.8892
1093,8.6,3.8445
1094,8.0,3.5763
1095,7.0,3.1293
1096,5.0,2.2352
1097,4.2,1.8776
1098,2.6,1.1623
1099,1.0,0.447
1100,0.0,0.0
1101,0.1,0.0447
1102,0.6,0.2682
1103,1.6,0.7153
1104,3.6,1.6093
1105,6.9,3.0846
1106,10.0,4.4704
1107,12.8,5.7221
1108,14.0,6.2586
1109,14.5,6.4821
1110,16.0,7.1526
1111,18.1,8.0914
1112,20.0,8.9408
1113,21.0,9.3878
1114,21.2,9.4772
1115,21.3,9.522
1116,21.4,9.5667
1117,21.7,9.7008
1118,22.5,10.0584
1119,23.0,10.2819
1120,23.8,10.6396
1121,24.5,10.9525
1122,25.0,11.176
1123,24.9,11.1313
1124,24.8,11.0866
1125,25.0,11.176
1126,25.4,11.3548
1127,25.8,11.5336
1128,26.0,11.623
1129,26.4,11.8019
1130,26.6,11.8913
1131,26.9,12.0254
1132,27.0,12.0701
1133,27.0,12.0701
1134,27.0,12.0701
1135,26.9,12.0254
1136,26.8,11.9807
1137,26.8,11.9807
1138,26.5,11.8466
1139,26.4,11.8019
1140,26.0,11.623
1141,25.5,11.3995
1142,24.6,10.9972
1143,23.5,10.5054
1144,21.5,9.6114
1145,20.0,8.9408
1146,17.5,7.8232
1147,16.0,7.1526
1148,14.0,6.2586
1149,10.7,4.7833
1150,7.4,3.3081
1151,4.1,1.8329
1152,0.8,0.3576
1153,0.0,0.0
1154,0.0,0.0
1155,0.0,0.0
1156,0.0,0.0
1157,0.0,0.0
1158,0.0,0.0
1159,0.0,0.0
1160,0.0,0.0
1161,0.0,0.0
1162,0.0,0.0
1163,0.0,0.0
1164,0.0,0.0
1165,0.0,0.0
1166,0.0,0.0
1167,0.0,0.0
1168,0.0,0.0
1169,2.1,0.9388
1170,5.4,2.414
1171,8.7,3.8892
1172,12.0,5.3645
1173,15.3,6.8397
1174,18.6,8.3149
1175,21.1,9.4325
1176,23.0,10.2819
1177,23.5,10.5054
1178,23.0,10.2819
1179,22.5,10.0584
1180,20.0,8.9408
1181,16.7,7.4656
1182,13.4,5.9903
1183,10.1,4.5151
1184,6.8,3.0399
1185,3.5,1.5646
1186,0.2,0.0894
1187,0.0,0.0
1188,0.0,0.0
1189,0.0,0.0
1190,0.0,0.0
1191,0.0,0.0
1192,0.0,0.0
1193,0.0,0.0
1194,0.0,0.0
1195,0.0,0.0
1196,0.0,0.0
1197,0.2,0.0894
1198,1.5,0.6706
1199,3.5,1.5646
1200,6.5,2.9058
1201,9.8,4.381
1202,12.0,5.3645
1203,12.9,5.7668
1204,13.0,5.8115
1205,12.6,5.6327
1206,12.8,5.7221
1207,13.1,5.8562
1208,13.1,5.8562
1209,14.0,6.2586
1210,15.5,6.9291
1211,17.0,7.5997
1212,18.6,8.3149
1213,19.7,8.8067
1214,21.0,9.3878
1215,21.5,9.6114
1216,21.8,9.7455
1217,21.8,9.7455
1218,21.5,9.6114
1219,21.2,9.4772
1220,21.5,9.6114
1221,21.8,9.7455
1222,22.0,9.8349
1223,21.9,9.7902
1224,21.7,9.7008
1225,21.5,9.6114
1226,21.5,9.6114
1227,21.4,9.5667
1228,20.1,8.9855
1229,19.5,8.7173
1230,19.2,8.5832
1231,19.6,8.762
1232,19.8,8.8514
1233,20.0,8.9408
1234,19.5,8.7173
1235,17.5,7.8232
1236,15.5,6.9291
1237,13.0,5.8115
1238,10.0,4.4704
1239,8.0,3.5763
1240,6.0,2.6822
1241,4.0,1.7882
1242,2.5,1.1176
1243,0.7,0.3129
1244,0.0,0.0
1245,0.0,0.0
1246,0.0,0.0
1247,0.0,0.0
1248,0.0,0.0
1249,0.0,0.0
1250,0.0,0.0
1251,0.0,0.0
1252,1.0,0.447
1253,1.0,0.447
1254,1.0,0.447
1255,1.0,0.447
1256,1.0,0.447
1257,1.6,0.7153
1258,3.0,1.3411
1259,4.0,1.7882
1260,5.0,2.2352
1261,6.3,2.8164
1262,8.0,3.5763
1263,10.0,4.4704
1264,10.5,4.6939
1265,9.5,4.2469
1266,8.5,3.7998
1267,7.6,3.3975
1268,8.8,3.934
1269,11.0,4.9174
1270,14.0,6.2586
1271,17.0,7.5997
1272,19.5,8.7173
1273,21.0,9.3878
1274,21.8,9.7455
1275,22.2,9.9243
1276,23.0,10.2819
1277,23.6,10.5501
1278,24.1,10.7737
1279,24.5,10.9525
1280,24.5,10.9525
1281,24.0,10.729
1282,23.5,10.5054
1283,23.5,10.5054
1284,23.5,10.5054
1285,23.5,10.5054
1286,23.5,10.5054
1287,23.5,10.5054
1288,24.0,10.729
1289,24.1,10.7737
1290,24.5,10.9525
1291,24.7,11.0419
1292,25.0,11.176
1293,25.4,11.3548
1294,25.6,11.4442
1295,25.7,11.4889
1296,26.0,11.623
1297,26.2,11.7124
1298,27.0,12.0701
1299,27.8,12.4277
1300,28.3,12.6512
1301,29.0,12.9642
1302,29.1,13.0089
1303,29.0,12.9642
1304,28.0,12.5171
1305,24.7,11.0419
1306,21.4,9.5667
1307,18.1,8.0914
1308,14.8,6.6162
1309,11.5,5.141
1310,8.2,3.6657
1311,4.9,2.1905
1312,1.6,0.7153
1313,0.0,0.0
1314,0.0,0.0
1315,0.0,0.0
1316,0.0,0.0
1317,0.0,0.0
1318,0.0,0.0
1319,0.0,0.0
1320,0.0,0.0
1321,0.0,0.0
1322,0.0,0.0
1323,0.0,0.0
1324,0.0,0.0
1325,0.0,0.0
1326,0.0,0.0
1327,0.0,0.0
1328,0.0,0.0
1329,0.0,0.0
1330,0.0,0.0
1331,0.0,0.0
1332,0.0,0.0
1333,0.0,0.0
1334,0.0,0.0
1335,0.0,0.0
1336,0.0,0.0
1337,0.0,0.0
1338,1.5,0.6706
1339,4.8,2.1458
1340,8.1,3.621
1341,11.4,5.0963
1342,13.2,5.9009
1343,15.1,6.7503
1344,16.8,7.5103
1345,18.3,8.1808
1346,19.5,8.7173
1347,20.3,9.0749
1348,21.3,9.522
1349,21.9,9.7902
1350,22.1,9.8796
1351,22.4,10.0137
1352,22.0,9.8349
1353,21.6,9.6561
1354,21.1,9.4325
1355,20.5,9.1643
1356,20.0,8.9408
1357,19.6,8.762
1358,18.5,8.2702
1359,17.5,7.8232
1360,16.5,7.3762
1361,15.5,6.9291
1362,14.0,6.2586
1363,11.0,4.9174
1364,8.0,3.5763
1365,5.2,2.3246
1366,2.5,1.1176
1367,0.0,0.0
1368,0.0,0.0
1369,0.0,0.0
